{
  "Portrait": 0.5246826127171517,
  "Landscape": 0.5245065793395043,
  "Street": 0.5253654390573501,
  "Wildlife": 0.5268693059682846,
  "Macro": 0.5247250393033027,
  "Architecture": 0.5249648660421371,
  "Documentary": 0.5239511266350746,
  "Abstract": 0.5267068028450013,
  "Night": 0.5244790509343147,
  "Sport": 0.5248675644397736
}